Date,Title,Genre
31-10-22,Inside Man (TV Miniseries),TV Series
28-10-22,All Quiet on the Western Front ,War
28-10-22,Wendell and Wild ,Animation
28-10-22,Half Bad: The Bastard Son and The Devil Himself (TV Series),TV Series
28-10-22,Big Mouth (TV Series),TV Series
28-10-22,Wild is the Wind ,Drama
28-10-22,If Only (TV Series),TV Series
28-10-22,Shards of Her (TV Series),TV Series
28-10-22,I Am a Stalker (TV Series),TV Series
28-10-22,Cabinet of Curiosities: The Viewing (TV),Horror
28-10-22,Cabinet of Curiosities: The Murmuring (TV),Horror
28-10-22,Indian Predator: Murder in a Courtroom (TV Miniseries),TV Series
27-10-22,Cabinet of Curiosities: Pickman's Model (TV),Horror
27-10-22,Cabinet of Curiosities: Dreams in the Witch House (TV),Horror
27-10-22,Family Reunion (TV Series),TV Series
27-10-22,Daniel Spellbound (TV Series),TV Series
27-10-22,Romantic Killer (TV Series),TV Series
27-10-22,Cici ,Drama
27-10-22,Earthstorm (TV Miniseries),TV Series
26-10-22,Cabinet of Curiosities: The Autopsy (TV),Fantasy
26-10-22,Cabinet of Curiosities: The Outside (TV),Mystery
26-10-22,The Good Nurse ,Thriller
26-10-22,Hellhole ,Horror
26-10-22,Fugitive: The Curious Case of Carlos Ghosn ,Documentary
26-10-22,Robbing Mussolini ,Action
25-10-22,Guillermo del Toro's Cabinet of Curiosities (TV Series),TV Series
25-10-22,Barbie: Epic Road Trip ,Animation
25-10-22,Fortune Feimster: Good Fortune (TV),Comedy
25-10-22,Cabinet of Curiosities: Lot 36 (TV),Horror
25-10-22,Cabinet of Curiosities: Graveyard Rats (TV),Horror
24-10-22,The Chalk Line ,Mystery
24-10-22,Mr. Midnight: Beware the Monsters (TV Series),TV Series
23-10-22,Franco Escamilla: Voyerista auditivo (TV),Comedy
21-10-22,Barbarians (TV Series),TV Series
21-10-22,Oni: Thunder God's Tale (TV Miniseries),TV Series
21-10-22,From Scratch (TV Miniseries),TV Series
21-10-22,20th Century Girl ,Romance
21-10-22,28 Days Haunted (TV Series),TV Series
21-10-22,Descendant ,Documentary
21-10-22,High: Confessions of an Ibiza Drug Mule (TV Series),TV Series
20-10-22,Vatican Girl: The Disappearance of Emanuela Orlandi (TV Series),TV Series
19-10-22,The School for Good and Evil ,Fantasy
19-10-22,The Stranger ,Thriller
19-10-22,The Green Glove Gang (TV Series),TV Series
19-10-22,Notre-Dame (TV Miniseries),TV Series
18-10-22,LiSA Another Great Day ,Documentary
18-10-22,Unsolved Mysteries (TV Series),TV Series
18-10-22,Gabriel Iglesias: Stadium Fluffy ,Comedy
17-10-22,Waffles + Mochi's Restaurant (TV) (S),Kids
14-10-22,The Curse of Bridge Hollow ,Comedy
14-10-22,Everything Calls for Salvation (TV Series),TV Series
14-10-22,Mismatched (TV Series),TV Series
14-10-22,Holy Family (TV Miniseries),TV Series
14-10-22,Take 1 (TV Series),TV Series
14-10-22,Black Butterflies (TV Series),TV Series
13-10-22,Sue Perkins: Perfectly Legal (TV Series),TV Series
13-10-22,The Watcher (TV Series),TV Series
13-10-22,Exception (TV Series),TV Series
13-10-22,The Playlist (TV Miniseries),TV Series
12-10-22,"Belascoarán, PI (TV Series)",TV Series
11-10-22,The Cage (TV Series),TV Series
11-10-22,Someone Borrowed ,Comedy
11-10-22,Island of the Sea Wolves (TV Series),TV Series
11-10-22,Deaw 13: Thai Stand Up Comedy (TV),Comedy
11-10-22,Iliza Shlesinger: Hot Forever (TV),Comedy
10-10-22,Spirit Rangers (TV Series),TV Series
07-10-22,The Midnight Club (TV Series),TV Series
07-10-22,Old People ,Horror
07-10-22,Luckiest Girl Alive ,Mystery
07-10-22,The Redeem Team ,Documentary
07-10-22,Derry Girls (TV Series),TV Series
07-10-22,Doll House ,Drama
07-10-22,Glitch (TV Series),TV Series
07-10-22,Conversations with a Killer: The Jeffrey Dahmer Tapes (TV Miniseries),TV Series
07-10-22,Oddballs (TV Series),TV Series
07-10-22,Man on Pause (TV Series),TV Series
07-10-22,Tiger & Bunny 2 (TV Series),TV Series
06-10-22,Aftershock: Everest and the Nepal Earthquake (TV Series),TV Series
06-10-22,The Joys and Sorrows of Young Yuguo ,Documentary
05-10-22,Mr. Harrigan's Phone ,Mystery
05-10-22,Togo ,Drama
05-10-22,The Trapped 13: How We Survived the Thai Cave ,Documentary
05-10-22,Jumping from High Places ,Comedy
05-10-22,High Water (TV Series),TV Series
05-10-22,The Fight for Justice: Paolo Guerrero (TV Series),TV Series
04-10-22,Hasan Minhaj: The King's Jester (TV),Comedy
03-10-22,Chip and Potato (TV Series),TV Series
30-09-22,Rainbow ,Fantasy
30-09-22,Phantom Pups (TV Series),TV Series
30-09-22,Entergalactic ,Animation
30-09-22,Anikalupo ,Drama
30-09-22,Human Playground (TV Series),Documentary
30-09-22,Plan A Plan B ,Comedy
30-09-22,Into the Deep: The Submarine Murder Case ,Documentary
29-09-22,The Empress (TV Series),TV Series
28-09-22,Blonde ,Drama
28-09-22,Inside the World's Toughest Prisons (TV Series),TV Series
28-09-22,Eat the Rich: The GameStop Saga (TV Miniseries),TV Series
27-09-22,The Munsters ,Fantasy
27-09-22,Nick Kroll: Little Big Boy (TV),Comedy
26-09-22,A Trip to Infinity ,Documentary
24-09-22,Fullmetal Alchemist: Final Chapter - The Last Transmutation ,Thriller
23-09-22,Jamtara: Sabka Number Ayega (TV Series),TV Series
23-09-22,The Girls at the Back (TV Miniseries),Comedy
23-09-22,Pokémon: The Arceus Chronicles (TV),Animation
23-09-22,Athena ,Drama
23-09-22,Lou ,Thriller
23-09-22,A Jazzman's Blues ,Drama
22-09-22,Snabba Cash (TV Series),TV Series
22-09-22,The Dreamlife of Georgie Stone ,Documentary
22-09-22,Thai Cave Rescue (TV Miniseries),TV Series
22-09-22,Karma's World (TV Series),TV Series
21-09-22,Monster: The Jeffrey Dahmer Story (TV Miniseries),TV Series
21-09-22,Fortune Seller: A TV Scam (TV Series),TV Series
21-09-22,Só se for por amor (TV Series),TV Series
21-09-22,The Perfumier ,Drama
21-09-22,The Real Bling Ring: Hollywood Heist (TV Miniseries),Documentary
20-09-22,Patton Oswalt: We All Scream (TV),Comedy
19-09-22,"Go, Dog, Go (TV Series)",TV Series
19-09-22,"Espejo, espejo ",Comedy
16-09-22,Gymnastics Academy: A Second Chance! (TV Series),TV Series
16-09-22,Drifting Home ,Animation
16-09-22,Fate: The Winx Saga (TV Series),TV Series
16-09-22,The Brave Ones (TV Series),TV Series
16-09-22,Santo (TV Series),TV Series
16-09-22,Do Revenge ,Comedy
16-09-22,I Used to be Famous ,Comedy
16-09-22,Jogi ,Drama
16-09-22,Mat Kilau ,Action
16-09-22,Skandal! Bringing Down Wirecard ,Documentary
15-09-22,Dogs in Space (TV Series),TV Series
15-09-22,Terim (TV Miniseries),Documentary
15-09-22,"Bastard!! Heavy Metal, Dark Fantasy (TV Series)",TV Series
14-09-22,The Lørenskog Disappearance (TV Miniseries),TV Series
14-09-22,Heartbreak High (TV Series),TV Series
14-09-22,Broad Peak ,Drama
14-09-22,El Rey: Vicente Fernández (TV Series),TV Series
14-09-22,Sins of Our Mother (TV Miniseries),TV Series
13-09-22,Cyberpunk: Edgerunners (TV Series),TV Series
13-09-22,Jo Koy: Live from the Los Angeles Forum (TV),Comedy
12-09-22,"Ada Twist, Scientist (TV Series)",TV Series
09-09-22,End of the Road ,Drama
09-09-22,Cobra Kai (TV Series),TV Series
09-09-22,No Limit ,Drama
09-09-22,Narco-Saints (TV Series),TV Series
08-09-22,The Anthrax Attacks ,Documentary
08-09-22,The Imperfects (TV Series),TV Series
07-09-22,Indian Predator: The Diary of a Serial Killer (TV Miniseries),TV Series
07-09-22,Diary of a Gigolo (TV Series),TV Series
07-09-22,Chef's Table: Pizza (TV Series),TV Series
06-09-22,Bee & Puppycat: Lazy in Space (TV Series),TV Series
06-09-22,Untold: The Race of the Century (TV),Documentary
06-09-22,Sheng Wang: Sweet and Juicy (TV),Comedy
06-09-22,Get Smart with Money ,Documentary
02-09-22,You're Nothing Special (TV Series),TV Series
02-09-22,Devil in Ohio (TV Miniseries),TV Series
02-09-22,Fakes (TV Series),TV Series
02-09-22,The Festival of Troubadours ,Drama
02-09-22,Ivy + Bean ,Adventure
02-09-22,Ivy + Bean: Doomed to Dance ,Adventure
02-09-22,Ivy + Bean: The Ghost That Had to Go ,Adventure
01-09-22,Love in the Villa ,Comedy
01-09-22,JoJo’s Bizarre Adventure: Stone Ocean (TV Series),TV Series
01-09-22,Fenced In ,Comedy
31-08-22,La jefa ,Drama
31-08-22,I Came By ,Thriller
31-08-22,América vs. América (TV Series),TV Series
31-08-22,Family Secrets (TV Series),TV Series
30-08-22,I Am a Killer (TV Series),TV Series
30-08-22,Untold: Operation Flagrant Foul (TV),Documentary
29-08-22,Mighty Express (TV Series),TV Series
26-08-22,Me Time ,Comedy
26-08-22,Loving Adults ,Thriller
26-08-22,Delhi Crime (TV Series),TV Series
26-08-22,Ludik (TV Series),TV Series
26-08-22,Seoul Vibe ,Action
26-08-22,Partner Track (TV Series),TV Series
25-08-22,Rilakkuma’s Theme Park Adventure (TV Series),TV Series
25-08-22,A Kidnapping Scandal: The Florence Cassez Affair (TV Series),TV Series
25-08-22,The Figo Affair: The Transfer that Changed Football ,Documentary
25-08-22,That's Amor ,Comedy
24-08-22,Lost Ollie (TV Miniseries),TV Series
24-08-22,Running with the Devil: The Wild World of John McAfee ,Documentary
24-08-22,El sistema K.E.OP/S ,Comedy
24-08-22,Mo (TV Series),TV Series
24-08-22,Under Fire (TV Series),TV Series
23-08-22,Untold: The Rise and Fall of AND1 (TV),Documentary
23-08-22,Chad & JT Go Deep (TV Series),TV Series
20-08-22,Fullmetal Alchemist: Final Chapter - The Avenger Scar ,Thriller
19-08-22,The Sandman: Dream of a Thousand Cats (TV) (S),Animation
19-08-22,The Girl in the Mirror (Alma) (TV Series),TV Series
19-08-22,Kleo (TV Series),TV Series
19-08-22,The Next 365 Days ,Drama
19-08-22,Echoes (TV Miniseries),TV Series
19-08-22,The Assistant ,Thriller
18-08-22,Tekken Bloodline (TV Series),TV Series
18-08-22,Inside the Mind of a Cat ,Documentary
18-08-22,He-Man and the Masters of the Universe (TV Series),TV Series
17-08-22,High Heat (TV Series),TV Series
17-08-22,Royalteen ,Drama
17-08-22,Look Both Ways ,Drama
17-08-22,Unsuspicious (TV Series),TV Series
16-08-22,Untold: The Girlfriend Who Didn't Exist (TV),Documentary
12-08-22,Day Shift ,Action
12-08-22,13: The Musical ,Musical
12-08-22,Never Have I Ever (TV Series),TV Series
12-08-22,A Model Family (TV Series),TV Series
11-08-22,Dota: Dragon's Blood (TV Series),TV Series
11-08-22,Stay on Board: The Leo Baker Story ,Documentary
10-08-22,School Tales: The Series (TV Series),TV Series
10-08-22,Locke & Key (TV Series),TV Series
10-08-22,Bank Robbers: The Last Great Heist ,Documentary
10-08-22,Heartsong ,Comedy
10-08-22,Office Invasion ,Comedy
09-08-22,I Just Killed My Dad (TV Miniseries),TV Series
08-08-22,Código Emperador ,Thriller
08-08-22,Team Zenko Go (TV Series),TV Series
05-08-22,The Sandman (TV Series),TV Series
05-08-22,Rise of the Teenage Mutant Ninja Turtles: The Movie ,Animation
05-08-22,Darlings ,Comedy
05-08-22,Carter ,Action
04-08-22,Super Giant Robot Brothers (TV Series),TV Series
04-08-22,Kakegurui Twin (TV Series),TV Series
04-08-22,Wedding Season ,Comedy
04-08-22,Lady Tamara (TV Series),TV Series
03-08-22,"Good Morning, Verônica (TV Series)",TV Series
03-08-22,Don't Blame Karma! ,Comedy
03-08-22,Buba ,Comedy
03-08-22,Clusterf**k: Woodstock '99 (TV Miniseries),TV Series
02-08-22,Rurouni Kenshin: Final Chapter Part I - The Final ,Action
01-08-22,Welcome to Wedding Hell (TV Series),TV Series
01-08-22,Big Tree City (TV Series),TV Series
